{"cameraMode":{"drawMode":0,"name":"Shaded","section":"Shading Mode"},"sceneLighting":true,"audioPlay":false,"sceneViewState":{"m_AlwaysRefresh":false,"showFog":true,"showSkybox":true,"showFlares":true,"showImageEffects":true,"showParticleSystems":true,"showVisualEffectGraphs":true,"m_FxEnabled":true},"in2DMode":false,"pivot":{"x":-0.08643195033073425,"y":-0.19896137714385987,"z":0.02468562126159668},"rotation":{"x":0.008148884400725365,"y":0.9902268052101135,"z":-0.1227271631360054,"w":0.06574933230876923},"size":2.490701198577881,"orthographic":false}